pr_number,title,author,merged_at,commits,comments,copilot_comments,copilot_commits
1235,Attribute backend tests by test-name prefix in schema_comparison,Copilot,2026-05-28T16:18:19Z,2,5,2,2
1241,doc.py: let CICPP=1 opt back in to standalone C++ executable lookup under CI,Copilot,2026-05-28T16:04:00Z,4,1,0,3
1239,docs: set html_favicon so Edge shows the logo on the tab,Copilot,2026-05-28T15:42:57Z,2,1,0,2
1237,Revert logarithmic scale for plot_onnx_time,Copilot,2026-05-28T15:23:36Z,2,1,0,2
1233,Fix Windows build: revert spurious test and doc.py changes so diagnostic uses native paths,Copilot,2026-05-28T14:19:03Z,3,3,1,3
1231,fix,xadupre,2026-05-28T13:18:45Z,1,0,0,0
1223,Add optional op_type filter to CollectTestCases functions,Copilot,2026-05-28T13:00:10Z,10,15,7,10
1230,"Add min_output, max_output, deprecated to LightOpSchema and surface them in operator docs",Copilot,2026-05-28T12:58:39Z,3,1,0,3
1228,Add op_type filter to GetAllOnnxOpSchemasWithHistory,Copilot,2026-05-28T12:58:24Z,3,3,1,3
1222,Fix,xadupre,2026-05-28T12:56:50Z,11,1,0,0
1226,Move DispatchTable out of shape_inference.cc into dispatch_table.cc,Copilot,2026-05-28T12:49:45Z,3,3,1,3
1224,docs: hide `extern template` instantiations from Doxygen in random.h,Copilot,2026-05-28T11:14:46Z,2,1,0,2
1219,Store KernelContext by const reference in backend test kernels,Copilot,2026-05-28T09:59:31Z,4,1,0,2
1218,fix clang issues,xadupre,2026-05-28T09:46:38Z,8,1,0,0
1210,plot_onnx_time: explain why C++ executable is skipped,Copilot,2026-05-28T09:37:23Z,3,3,1,3
1208,"Add a standalone C++ example that builds, saves and loads an ONNX model using only the proto layer",Copilot,2026-05-28T09:27:56Z,4,5,2,4
1217,Force ONNX_LIGHT_BENCH_WITH_UPSTREAM_ONNX=OFF in `build_ext` unless `--with-upstream-onnx` is set,Copilot,2026-05-28T09:26:56Z,2,1,0,2
1215,Silence CMake CMP0135 warning for onnx_upstream FetchContent,Copilot,2026-05-28T09:20:25Z,2,1,0,2
1203,"Add Atan/Atanh: kernels, ONNX test cases, schemas, and shape inference",Copilot,2026-05-28T09:09:04Z,4,9,4,4
1212,Use logarithmic x-axis in plot_onnx_time bar chart,Copilot,2026-05-28T09:08:18Z,2,1,0,2
1198,Import upstream onnx Constant backend test case and add attribute-variant cases,Copilot,2026-05-28T08:59:28Z,5,7,3,5
1204,"Add AffineGrid kernel, upstream test cases, and shape inference",Copilot,2026-05-28T08:56:10Z,5,5,2,3
1206,Default CMAKE_BUILD_TYPE to Release and scope per-domain BackendTestCase tests to their own category,Copilot,2026-05-28T08:55:21Z,3,3,1,3
1202,Import upstream ArgMax/ArgMin test cases and add shape inference,Copilot,2026-05-28T07:49:04Z,2,1,0,2
1200,Import all ONNX backend test cases for Div/Mul and register their shape inference,Copilot,2026-05-28T07:48:44Z,2,1,0,2
1194,Import Cast test cases for INT4/UINT4/INT2/UINT2,Copilot,2026-05-28T07:48:23Z,7,11,5,7
1201,Import all upstream ONNX Concat backend test cases,Copilot,2026-05-28T06:50:50Z,2,1,0,2
1199,Import all upstream Sub backend test cases by extending kernel::Sub to integer dtypes,Copilot,2026-05-28T06:50:32Z,2,1,0,2
1195,Add MakeNode helper in onnx_proto and use it in onnx_backend_test,Copilot,2026-05-27T23:47:29Z,5,5,2,5
1197,Wire docs workflow to persist & reuse the ci_durations cache,Copilot,2026-05-27T23:47:07Z,3,1,0,3
1193,Make ci_durations in-repo cache opt-in via ONNX_LIGHT_DOCS_CACHE_IN_REPO,Copilot,2026-05-27T23:03:08Z,3,3,1,3
1191,Track all CI workflows on the CI durations page,Copilot,2026-05-27T22:47:05Z,2,1,0,2
1167,Import all AveragePool test cases from ONNX,Copilot,2026-05-27T22:46:45Z,8,9,4,8
1184,Import upstream ONNX Cast test cases for FLOAT8 dtypes,Copilot,2026-05-27T22:22:44Z,5,7,3,5
1187,Import all expressible upstream ReduceSum test cases,Copilot,2026-05-27T22:04:10Z,4,3,1,4
1186,Import all upstream ONNX RoiAlign test cases,Copilot,2026-05-27T21:56:05Z,3,3,1,3
1162,Import upstream ONNX Add backend test cases into the C++ backend,Copilot,2026-05-27T21:55:12Z,9,13,6,8
1188,Import all upstream Greater/Less backend test cases (FLOAT + INT8/INT16/UINT8/UINT16/UINT32/UINT64),Copilot,2026-05-27T21:37:13Z,4,5,2,4
1160,"Import upstream ONNX backend test cases for Acos, Acosh, Asin, Asinh",Copilot,2026-05-27T20:46:28Z,6,5,2,6
1169,Import all expressible upstream Cast test cases (numeric + STRING),Copilot,2026-05-27T19:54:02Z,5,5,2,5
1158,Add upstream ONNX test_abs backend case for Abs,Copilot,2026-05-27T19:53:44Z,5,5,2,5
1178,Import all upstream ONNX LabelEncoder test cases,Copilot,2026-05-27T19:32:16Z,5,5,2,5
1182,Templatize Randn<T> and drop per-call float-cast loops,Copilot,2026-05-27T18:47:02Z,2,1,0,2
1180,Cache sub-message sizes during the SerializeSize pre-pass,Copilot,2026-05-27T18:46:28Z,2,1,0,2
1156,Improve schema comparison and runtime coverage tables,xadupre,2026-05-27T17:45:05Z,10,9,4,9
1151,Add ToString to OptimTensor,Copilot,2026-05-27T16:13:32Z,3,3,1,2
1153,Add OptimTensor::Cmp returning OptimCmpResult enum,Copilot,2026-05-27T15:46:04Z,2,1,0,2
1155,Skip docs/xml/compound.xsd in codespell,Copilot,2026-05-27T15:45:47Z,2,1,0,2
1149,"Add shape inference, kernels and upstream test cases for Greater/Less",Copilot,2026-05-27T15:20:02Z,2,1,0,2
1140,Show CPU and RAM in plot_onnx_time chart title,Copilot,2026-05-27T14:31:54Z,5,5,2,5
1145,Align C++ API documentation with the code,Copilot,2026-05-27T14:31:19Z,4,3,1,4
1143,Rename _onnxpy_onnx_optim.cc to _onnxpy_optim.cc,Copilot,2026-05-27T13:17:27Z,2,1,0,2
1137,"Add ai.onnx.ml::Binarizer schema, kernel, shape inference and backend test cases",Copilot,2026-05-27T12:54:49Z,3,3,1,3
1130,Add runtime test-coverage documentation page (onnxruntime + shape_inference),Copilot,2026-05-27T12:54:30Z,5,5,2,4
1135,"Add Cast shape inference, reference kernel and backend test cases",Copilot,2026-05-27T12:02:25Z,3,1,0,3
1128,Run shape inference on a ModelProto,Copilot,2026-05-27T11:06:00Z,5,9,4,5
1134,Add FlexAttention shape inference to onnx_optim,Copilot,2026-05-27T09:57:16Z,3,3,1,3
1132,Add shape inference for Adam (ai.onnx.preview.training),Copilot,2026-05-27T09:18:38Z,2,1,0,2
1125,Add shape inference for Reshape,Copilot,2026-05-27T08:20:34Z,3,3,1,3
1127,Add shape-inference tests for the ai.onnx.preview FlexAttention op,Copilot,2026-05-27T07:56:56Z,2,1,0,2
1126,Add shape inference for QuantizeLinear,Copilot,2026-05-27T07:23:08Z,3,1,0,3
1124,Add EXT_ENFORCE_INVALID / EXT_THROW_INVALID macros,Copilot,2026-05-27T07:12:36Z,4,1,0,4
1122,Add shape inference for RoiAlign in onnx_optim,Copilot,2026-05-27T06:36:15Z,2,1,0,2
1121,Add shape inference for Concat in onnx_optim,Copilot,2026-05-27T06:21:20Z,2,1,0,2
1120,Align C++ API documentation with existing headers,Copilot,2026-05-27T06:21:00Z,2,1,0,2
1119,Add shape inference for If,Copilot,2026-05-26T21:51:04Z,6,11,5,5
1118,Add shape inference for Optional in onnx_optim,Copilot,2026-05-26T21:35:05Z,4,5,2,3
1116,Add onnx_optim shape inference for ai.onnx.ml::LabelEncoder,Copilot,2026-05-26T21:11:51Z,4,5,2,3
1117,Add shape inference for ReduceSum,Copilot,2026-05-26T20:47:21Z,4,5,2,3
1115,Add shape inference for StringConcat,Copilot,2026-05-26T20:46:59Z,4,5,2,3
1114,Add shape inference for SequenceConstruct,Copilot,2026-05-26T20:28:18Z,5,8,3,4
1113,move functions,xadupre,2026-05-26T18:29:25Z,6,9,4,3
1112,Extract common ComputeShape* preamble into shared helper,Copilot,2026-05-26T10:31:16Z,2,1,0,2
1111,Move onnx_light::expressions into onnx_light::onnx_optim::expressions,Copilot,2026-05-26T10:29:22Z,3,3,1,3
1093,Add shape inference for Constant with ValueAsShape propagation,Copilot,2026-05-26T09:55:19Z,5,13,6,5
1096,Enable file-level parallel compilation on Windows (MSVC /MP),Copilot,2026-05-26T09:30:27Z,2,1,0,2
1090,"Add shape inference, kernels, and ONNX test cases for Or, Xor, Sub, Mul, Div",Copilot,2026-05-26T09:07:33Z,2,1,0,2
1075,"Add missing AveragePool backend test cases from ONNX reference suite, fix ceil_mode last-window handling, and add AveragePool shape inference",Copilot,2026-05-26T08:56:17Z,7,11,5,6
1088,Replace Adam::Attributes struct with explicit kernel parameters,Copilot,2026-05-26T08:54:35Z,2,1,0,2
1082,Add upstream ONNX Adam backend test cases,Copilot,2026-05-26T07:59:45Z,6,9,4,6
1085,Add C++ example running every backend test through onnxruntime,Copilot,2026-05-26T07:59:33Z,3,3,1,3
1080,Include attribute differences in operator doc diff sections,Copilot,2026-05-26T07:58:55Z,8,9,4,6
1087,doc2,xadupre,2026-05-26T07:58:37Z,2,1,0,0
1083,Make auto-generated operator domain tables sortable and searchable,Copilot,2026-05-26T06:32:03Z,2,1,0,2
1073,Add upstream ONNX `And` backend test cases,Copilot,2026-05-26T06:00:20Z,4,5,2,4
1069,Add ComputeShapeAcos/Acosh and Acos/Acosh ONNX backend test cases,Copilot,2026-05-26T05:59:57Z,4,5,2,4
1077,Make Per-operator comparison table searchable and sortable,Copilot,2026-05-26T05:54:54Z,3,3,1,3
1065,doc,xadupre,2026-05-25T21:12:37Z,1,1,0,0
1061,Expose onnx_light.onnx_op and route automated docs through LightOpSchema,Copilot,2026-05-25T20:40:06Z,4,3,1,4
1064,Remove *.cc files from the API documentation,Copilot,2026-05-25T20:27:36Z,2,1,0,2
1052,Populate empty Sphinx API pages for onnx_light.onnx sub-modules,Copilot,2026-05-25T20:27:02Z,3,3,1,3
1058,Document light_op_schema.h with a Doxygen @file block,Copilot,2026-05-25T20:18:53Z,3,3,1,3
1063,Skip Windows/macOS CI jobs for docs-only changes,Copilot,2026-05-25T20:16:14Z,2,1,0,2
1057,docs: link examples/core sub-gallery directly from the Examples page,Copilot,2026-05-25T20:15:11Z,2,1,0,2
1059,Document checker.h,Copilot,2026-05-25T19:55:39Z,2,1,0,2
1050,docs: split protos API page into one page per proto,Copilot,2026-05-25T19:42:41Z,2,1,0,2
1048,Use sphinx-design tabs for Python/C++ in install and load/save how-to pages,Copilot,2026-05-25T19:41:56Z,2,1,0,2
1046,Refactor docs/api/python/expressions.rst,Copilot,2026-05-25T19:39:53Z,2,1,0,2
1044,docs: refresh backend_tests design page and document C++ backend test runner,Copilot,2026-05-25T19:39:37Z,2,1,0,2
1042,Add documentation comparing onnx OpSchema and onnx_light LightOpSchema,Copilot,2026-05-25T19:32:49Z,2,1,0,2
1040,Bump core_tests Windows timeout to 20 minutes,Copilot,2026-05-25T19:32:30Z,2,1,0,2
1038,Add C++ test exercising checker and shape inference on every backend test case,Copilot,2026-05-25T16:33:20Z,2,1,0,2
1036,Display backend test examples on operator documentation pages,Copilot,2026-05-25T16:33:06Z,3,9,4,2
1033,Add ComputeShapes dispatcher for a list of NodeProto in onnx_optim,Copilot,2026-05-25T15:47:20Z,7,14,6,7
1035,Fix Sphinx warning about adjacent transitions in backend_tests.rst,Copilot,2026-05-25T15:19:33Z,2,1,0,2
1031,Add backend test running the checker on onnx_backend_test models,Copilot,2026-05-25T15:01:01Z,8,9,4,6
1027,Add helper to retrieve backend test examples for a specific op and opset,Copilot,2026-05-25T14:33:55Z,5,7,3,5
1029,docs(schema_diff): switch usage example to runpython and add LightOpSchema example,Copilot,2026-05-25T13:25:47Z,2,1,0,2
1025,Implement ComputeShapeAdd and ComputeShapeAnd in onnx_optim,Copilot,2026-05-25T13:06:50Z,4,1,0,2
1026,Use relative imports in onnx_light/doc.py,Copilot,2026-05-25T13:06:36Z,2,1,0,2
1018,Move schema_diff.py to compatibility sub-package,Copilot,2026-05-25T12:46:32Z,4,5,2,4
1023,Bump windows-latest build timeout to 12 minutes,Copilot,2026-05-25T12:45:58Z,2,1,0,2
1015,Add backend test-case coverage report,Copilot,2026-05-25T12:23:23Z,5,7,3,5
1020,Rename onnx_light/cpp to onnx_light/onnx_helpers,Copilot,2026-05-25T12:15:46Z,2,1,0,2
1010,Add ComputeShapeAbs shape-inference function under onnx_optim/shapes/math,Copilot,2026-05-25T11:55:02Z,8,17,8,8
1016,Align bench_load_file with onnx_light.onnx.load() stream choice,Copilot,2026-05-25T11:54:10Z,2,1,0,2
1008,Add Adam kernel and backend test cases under new training folder,Copilot,2026-05-25T11:08:42Z,3,3,1,3
1013,Fix Loop operator doc indentation: render numbered list items as bullets,Copilot,2026-05-25T10:24:34Z,2,1,0,2
1012,Fix unexpected indentation warnings in QuantizeLinear (and similar) auto-generated operator docs,Copilot,2026-05-25T10:24:25Z,2,1,0,2
1011,Clarify SplitToSequence doc wording for default 'split' behavior,Copilot,2026-05-25T10:23:45Z,2,1,0,2
1007,Trigger docs workflow on changes to onnx_light/doc.py,Copilot,2026-05-25T09:43:35Z,2,1,0,2
998,Fix TreeEnsembleClassifier generated doc by escaping `class_` as RST literal,Copilot,2026-05-25T09:24:11Z,3,3,1,3
1000,Escape literal `*` in operator doc strings via regex in doc.py,Copilot,2026-05-25T09:15:07Z,3,3,1,3
1005,ci(build): gate wheel builds on successful ci-1-core run,Copilot,2026-05-25T09:13:04Z,2,1,0,2
996,"Fix Sphinx ""inline literal"" warning in generated TreeEnsemble operator page",Copilot,2026-05-25T09:12:22Z,2,1,0,2
990,Add FlexAttention reference kernel and backend test cases under preview/,Copilot,2026-05-25T09:01:13Z,8,7,3,4
994,docs: add design page explaining protobuf format applied to ONNX,Copilot,2026-05-25T08:52:44Z,4,5,2,4
992,Add RoiAlign kernel and backend test cases under object_detection,Copilot,2026-05-25T08:18:51Z,4,5,2,3
991,Add AveragePool kernel and backend test cases under new nn folder,Copilot,2026-05-25T06:39:59Z,2,1,0,2
989,move,xadupre,2026-05-24T22:56:18Z,1,1,0,0
988,Split backend test_test_case.cc and test_kernels.cc by onnx_backend_test subfolder,Copilot,2026-05-24T22:36:41Z,2,1,0,2
986,Add SequenceConstruct kernel and backend test cases under new sequence folder,Copilot,2026-05-24T22:06:31Z,3,3,1,2
984,Add StringConcat kernel and backend test cases under new text folder,Copilot,2026-05-24T21:49:31Z,6,9,4,6
985,Add ReduceSum kernel and backend test cases under new reduction folder,Copilot,2026-05-24T18:55:49Z,2,1,0,2
983,Add Optional kernel and backend test cases under new optional folder,Copilot,2026-05-24T17:45:27Z,4,5,2,3
980,Add LabelEncoder kernel and backend test cases under traditionalml/,Copilot,2026-05-24T17:31:10Z,6,9,4,4
981,Add QuantizeLinear kernel and backend test cases under new quantization folder,Copilot,2026-05-24T15:18:40Z,2,1,0,2
982,minor improvments,xadupre,2026-05-24T14:59:06Z,1,1,0,0
979,Add Constant kernel and backend test cases under new generator folder,Copilot,2026-05-24T14:30:46Z,2,1,0,2
977,docs: align C++ API pages for onnx_backend_test cases/kernels,Copilot,2026-05-24T12:45:44Z,2,1,0,2
978,Add CanRunInPlace capability query to backend test kernels,Copilot,2026-05-24T12:35:03Z,2,1,0,2
976,Add per-subfolder CollectTestCases and delegate from the main collector,Copilot,2026-05-24T12:04:42Z,2,1,0,2
975,Switch backend test kernels from Tensor* to Tensor& output,Copilot,2026-05-24T12:04:25Z,2,1,0,2
974,Increase default iteration count for C++ benchmarks in plot_onnx_time,Copilot,2026-05-24T11:49:12Z,2,1,0,2
972,docs: stop horizontal scrolling on load/save howto table,Copilot,2026-05-24T11:48:36Z,2,1,0,2
968,Fix CI Job Durations doc page: fall back to cache and show last-fetch timestamp,Copilot,2026-05-24T11:48:03Z,2,1,0,2
950,Add Concat kernel and backend test cases under tensor subfolder,Copilot,2026-05-24T11:22:11Z,5,7,3,3
952,Add If kernel and backend test cases under new controlflow/ subfolder,Copilot,2026-05-24T11:05:38Z,4,5,2,3
966,Add Adam light op schema in ai.onnx.preview.training,Copilot,2026-05-24T11:04:58Z,2,1,0,2
946,Add C++ test coverage for checker.cc validation branches,Copilot,2026-05-24T11:02:07Z,2,1,0,2
948,Add tests covering parser.py error branches,Copilot,2026-05-24T10:36:32Z,3,4,2,3
943,Add preallocated-output overloads to backend test kernels,Copilot,2026-05-24T10:33:49Z,4,7,3,4
937,Move onnx_expressions/__init__.py into onnx_optim/expressions.py,Copilot,2026-05-24T10:00:29Z,2,3,1,2
935,Align C++ API documentation with the current state,Copilot,2026-05-24T10:00:06Z,2,1,0,2
938,Add tests: re-saving a TensorProto with loaded external data does not duplicate the buffer; mixed pre-loaded external + inline raises,Copilot,2026-05-24T09:58:52Z,3,3,1,3
940,Add And/Or/Xor backend test kernels and cases under new logical subfolder,Copilot,2026-05-24T09:38:27Z,2,1,0,2
932,Add TensorProto.load_external_data method exposed to Python,Copilot,2026-05-24T08:52:51Z,2,1,0,2
930,Add C++ test verifying external data is preserved across edit/save cycles,Copilot,2026-05-24T08:52:36Z,2,1,0,2
928,Run shape inference on cc_onnx_backend_test cases,Copilot,2026-05-24T08:47:34Z,3,3,1,3
926,Refactor backend test kernels into classes constructed with a KernelContext,Copilot,2026-05-24T08:43:02Z,3,3,1,3
923,Extend helper.make_tensor to accept external_data,Copilot,2026-05-24T08:31:46Z,3,3,1,3
925,Exclude benchmarks/ from Codecov report,Copilot,2026-05-24T08:31:28Z,2,1,0,2
921,Add templated From<T>/As<T> to onnx_backend_test::Tensor,Copilot,2026-05-24T08:06:12Z,2,1,0,2
919,clean,xadupre,2026-05-24T07:57:17Z,1,1,0,0
917,Remove Python node test case modules in favor of C++ backend test cases,Copilot,2026-05-24T07:56:59Z,2,1,0,2
916,Use a custom OpsetId in onnx_backend_test instead of OperatorSetIdProto,Copilot,2026-05-24T07:56:42Z,2,1,0,2
912,"Rename onnx_backend_test/tensor.{h,cc} to simple_tensor.{h,cc}",Copilot,2026-05-23T18:35:13Z,3,5,2,2
914,Aggregate math case and kernel declarations behind single headers,Copilot,2026-05-23T17:59:32Z,2,1,0,2
906,propose for the backend,xadupre,2026-05-23T17:09:50Z,3,5,2,2
908,Make --with-upstream-onnx actually enable BENCH_HAS_UPSTREAM_ONNX,Copilot,2026-05-23T14:31:39Z,3,3,1,3
910,Add per-version diff section to generated operator pages,Copilot,2026-05-23T14:02:30Z,2,1,0,2
900,"Move random.{cc,h} from onnx_backend to onnx_backend_test",Copilot,2026-05-23T10:37:09Z,3,3,1,2
905,Support --with-upstream-onnx in setup.py build_ext,Copilot,2026-05-23T10:24:15Z,2,1,0,2
902,Add C++ backend test case for BlackmanWindow,Copilot,2026-05-23T10:11:56Z,2,1,0,2
892,Add light op schemas for MatMul and Gemm,Copilot,2026-05-23T10:11:19Z,3,3,1,3
890,"Move expressions.{cc,h} into onnx_optim",Copilot,2026-05-23T10:11:03Z,4,3,1,3
898,Add LightOpSchema for remaining ai.onnx text ops,Copilot,2026-05-23T09:27:21Z,2,1,0,2
896,Add LightOpSchema entries for sequence operators,Copilot,2026-05-23T09:27:07Z,2,1,0,2
894,Add LightOpSchema history for all reduce ops,Copilot,2026-05-23T09:26:53Z,2,1,0,2
879,Add onnx_light.compatibility sub-package with onnx vs onnx_light API comparator and gallery example,Copilot,2026-05-23T09:26:34Z,5,9,4,5
888,"Add light op schemas for TreeEnsemble, TreeEnsembleClassifier and TreeEnsembleRegressor",Copilot,2026-05-23T08:59:55Z,2,1,0,2
886,"Add light op schemas for RNN, GRU, and LSTM",Copilot,2026-05-23T08:59:30Z,2,0,0,2
883,"Add LightOpSchema for Asin, Acos, Asinh, Acosh",Copilot,2026-05-23T08:41:25Z,2,1,0,2
881,"Add LightOpSchema for Concat (v1, v4, v11, v13)",Copilot,2026-05-23T08:41:10Z,2,1,0,2
884,remove parallel=True,xadupre,2026-05-23T08:39:24Z,1,1,0,0
875,Generate operator doc pages from LightOpSchema,Copilot,2026-05-23T08:33:24Z,2,1,0,2
872,Add LightOpSchema for Gradient operator,Copilot,2026-05-23T08:33:08Z,4,3,1,3
877,Support LightOpSchema in compare_schemas,Copilot,2026-05-23T08:19:52Z,2,1,0,2
866,Document and simplify enabling BENCH_HAS_UPSTREAM_ONNX for bench_load_file,Copilot,2026-05-23T08:01:23Z,5,5,2,5
870,Add mmap vs ifstream comparison rows to plot_onnx_time.py,Copilot,2026-05-23T07:23:44Z,2,1,0,2
841,Convert backend test node case infrastructure to a standalone C++ library,Copilot,2026-05-22T22:37:44Z,8,11,5,6
857,Add init_doc flag to LightOpSchema constructor and schema registration functions,Copilot,2026-05-22T22:37:17Z,6,5,2,3
864,Add file_load_mode to select mmap vs ifstream when loading a model,Copilot,2026-05-22T22:14:14Z,5,1,0,3
863,Fix Sphinx RST generation for deeply-indented bullet continuations (Loop op),Copilot,2026-05-22T22:13:22Z,2,1,0,2
859,Add LightOpSchema entries for Optional operators,Copilot,2026-05-22T21:13:58Z,3,3,1,3
862,Add schema input/output documentation parity test against onnx,Copilot,2026-05-22T21:11:40Z,2,1,0,2
860,Expose LightOpSchema and registration function to Python via new _onnxpy_op.cc,Copilot,2026-05-22T20:43:47Z,2,1,0,2
856,Add attribute parity test between onnx_light and onnx schemas,Copilot,2026-05-22T20:41:43Z,2,1,0,2
849,Add onnx_optim C++ library with non-owning OptimTensor and symbolic OptimShape,Copilot,2026-05-22T20:33:36Z,7,11,5,7
852,Fix broken test_schema_function_inlining,Copilot,2026-05-22T19:59:28Z,2,1,0,2
854,Unskip test_registered_onnx_ops_match_onnx_registered,Copilot,2026-05-22T19:56:43Z,2,1,0,2
847,bench_load_file: also load with upstream onnx for side-by-side profiling,Copilot,2026-05-22T18:38:31Z,2,1,0,2
844,Merge `num_threads` and `parallel` in SerializeOptions/ParseOptions,Copilot,2026-05-22T18:38:04Z,4,1,0,3
850,Fix StringSplit doc: escape `` `maxsplit`th `` for RST,Copilot,2026-05-22T18:27:27Z,3,3,1,3
842,Fix RST indentation in QuantizeLinear doc strings,Copilot,2026-05-22T17:56:54Z,2,1,0,2
840,Add StringConcat light op schema for text domain,Copilot,2026-05-22T16:21:01Z,2,1,0,2
839,Fix mismatched quoting of 'split' in SplitToSequence doc,Copilot,2026-05-22T16:20:48Z,2,1,0,2
836,Add light op schema for QuantizeLinear,Copilot,2026-05-22T14:55:06Z,3,3,1,3
838,Fix automated documentation generation in TreeEnsemble operators,Copilot,2026-05-22T14:54:45Z,2,1,0,2
837,Fix C++ doc parsing of OpSchema lambda default initializers,Copilot,2026-05-22T14:54:28Z,2,1,0,2
829,fix,xadupre,2026-05-22T13:49:21Z,10,3,1,1
835,Fix nested bullet list rendering in generated operator docs,Copilot,2026-05-22T13:24:20Z,3,1,0,3
832,Add line-level documentation diff to compare_schemas,Copilot,2026-05-22T12:56:45Z,3,3,1,3
807,Add LightOpSchema for AveragePool,Copilot,2026-05-22T12:55:55Z,6,7,3,2
809,"Add LightOpSchema for ImageDecoder (ai.onnx, opset 20)",Copilot,2026-05-22T09:39:05Z,5,5,2,4
834,Add --model-id option to plot_onnx_time for HF Hub ONNX models,Copilot,2026-05-22T09:38:43Z,3,1,0,3
830,Fix duplicate C++ declaration warnings in Sphinx docs build,Copilot,2026-05-22T09:19:30Z,2,1,0,2
823,Escape `|x|` pipe tokens in operator doc generator,Copilot,2026-05-22T08:45:08Z,2,1,0,2
813,Add light op schema for FlexAttention (ai.onnx.preview),Copilot,2026-05-22T08:33:29Z,3,3,1,2
817,Move onnx_light.backend.random implementation to C++ with nanobind bindings,Copilot,2026-05-22T08:33:07Z,3,1,0,3
805,Show average time alongside precision on plot_onnx_time graph,Copilot,2026-05-22T07:45:47Z,2,1,0,2
811,Add LightOpSchema for RoiAlign in new object_detection set,Copilot,2026-05-22T07:43:02Z,2,1,0,2
804,new layer of optimization,xadupre,2026-05-21T22:33:07Z,2,3,1,1
799,Add MmapFileStream to close the load/1filex1 gap with onnx-cpp,Copilot,2026-05-21T22:06:58Z,3,6,2,3
796,Extend C++ API docs for onnx_op to match source tree structure,Copilot,2026-05-21T17:04:13Z,4,3,1,3
803,Skip regenerating operator doc pages that already exist,Copilot,2026-05-21T16:57:28Z,4,3,1,4
801,Improve readability of generated ONNX operator documentation,Copilot,2026-05-21T16:55:58Z,2,1,0,2
795,minor modifications,xadupre,2026-05-21T14:26:31Z,4,5,3,1
772,Add how-to guides for aligned Python/C++ ONNX install and load/save workflows,Copilot,2026-05-21T14:10:02Z,16,16,9,16
794,Apply small-string optimization to `utils::String` and `utils::RefString`,Copilot,2026-05-21T14:09:37Z,5,3,1,5
785,Add `onnx_op/operator_sets.h` aggregator for all ONNX LightOp schema-history getters,Copilot,2026-05-21T13:23:58Z,3,3,1,3
789,Add BlackmanWindow to LightOpSchema math registry (opset 17),Copilot,2026-05-21T13:23:39Z,4,3,1,4
781,Add `--model` option and model statistics to `plot_onnx_time`,Copilot,2026-05-21T13:23:13Z,6,7,3,5
791,Add protobuf-compatible `ByteSize()` to Python proto bindings,Copilot,2026-05-21T12:58:55Z,2,1,0,2
787,Add Abs LightOpSchema history to ONNX math operator set,Copilot,2026-05-21T12:47:33Z,2,1,0,2
783,Add Sphinx copy buttons for documentation tables,Copilot,2026-05-21T12:14:21Z,4,1,0,4
779,Add controlflow LightOpSchema support for `If` with centralized docs and dedicated tests,Copilot,2026-05-21T11:25:27Z,3,3,1,3
775,fix compilation warnings,xadupre,2026-05-21T11:00:46Z,5,5,2,2
777,Add LightOpSchema coverage for ai.onnx.ml ZipMap,Copilot,2026-05-21T10:15:18Z,2,1,0,2
774,Add light sequence schemas for SequenceEmpty and SequenceLength,Copilot,2026-05-21T09:13:05Z,2,1,0,2
770,Add Constant LightOpSchema history under generator operator sets,Copilot,2026-05-20T21:44:46Z,3,1,0,3
762,Add Pow LightOpSchema history to math operator registry,Copilot,2026-05-20T21:08:28Z,3,3,1,3
766,Add traditionalml LightOpSchema support for ai.onnx.ml LabelEncoder,Copilot,2026-05-20T20:44:16Z,2,1,0,2
764,Add LightOpSchema for ReduceSum,Copilot,2026-05-20T20:42:52Z,2,1,0,2
760,Relax Documentation CI warning gate to allow known generated C++ API warnings,Copilot,2026-05-20T19:27:53Z,2,1,0,2
758,Document tensor-alignment support in ONNX vs onnx-light comparison pages,Copilot,2026-05-20T19:07:30Z,3,3,1,3
754,Add Tensor Cast LightOpSchema history and docs,Copilot,2026-05-20T18:58:06Z,3,3,1,3
756,docs: add missing `docs/api/python/expressions.rst`,Copilot,2026-05-20T18:24:33Z,2,3,1,2
752,Add Greater/Less/Equal logical LightOpSchema history and align type constraints with ONNX opsets,Copilot,2026-05-20T15:32:02Z,5,3,1,5
747,Disambiguate C++ documentation directives to fix duplicate declaration warnings,Copilot,2026-05-20T14:42:40Z,6,7,3,5
750,Move `ToTypeString(TensorType)` out of header (remove `inline`),Copilot,2026-05-20T14:23:59Z,3,1,0,2
745,Change allowed_type_strs to std::vector<TensorType>,Copilot,2026-05-20T13:49:30Z,4,5,2,4
739,Add LightOpSchema history for Sin/Cos/Sinh/Cosh in onnx_op math registry,Copilot,2026-05-20T13:48:24Z,6,5,2,6
748,Clean,xadupre,2026-05-20T13:21:07Z,3,1,0,0
735,my-refactoring,xadupre,2026-05-20T12:23:37Z,6,1,0,0
731,Add missing LightOpSchema history entries for Sin/Cos/Sinh/Cosh,Copilot,2026-05-20T09:24:49Z,5,5,2,5
725,Add logical LightOpSchema coverage for Or/Xor/Not across supported opsets,Copilot,2026-05-20T08:41:59Z,6,7,3,6
723,Align C++ API docs tree with `onnx_light` source hierarchy,Copilot,2026-05-20T08:32:48Z,3,3,1,3
727,Add `LightOpSchema` coverage for `Mod` (opsets 13 and 10) in `onnx_op` math schemas,Copilot,2026-05-20T08:09:38Z,2,1,0,2
721,Stabilize mypy/pyrefly checks for runtime `_onnxpy` bindings,Copilot,2026-05-20T07:44:48Z,3,1,0,3
716,"Split `_onnxpy` nanobind bindings into main, proto, lib, and expressions sources",Copilot,2026-05-20T07:28:43Z,8,10,4,8
719,Extract onnx_op schema helpers into dedicated math/logical files,Copilot,2026-05-20T07:28:31Z,3,3,1,3
709,Add `onnx_op` C++ library for lightweight operator schema retrieval without shape inference,Copilot,2026-05-19T22:49:33Z,27,64,32,26
717,move,xadupre,2026-05-19T22:31:42Z,1,1,0,0
714,"Rename expressions layout, move C++ sources to `onnx_light/cc_onnx_expressions`, and relocate `_onnxpy` assembly",Copilot,2026-05-19T22:16:57Z,6,7,3,6
711,Rename all tracked C++ translation units from `.cpp` to `.cc`,Copilot,2026-05-19T21:09:43Z,9,5,2,5
707,Add C++ shape-inference tests for defs/rnn (RNN + LSTM),Copilot,2026-05-19T18:36:44Z,2,1,0,2
706,Ignore operator-doc-only Sphinx failures and trigger documentation workflow updates,Copilot,2026-05-19T18:11:21Z,9,3,1,9
698,Implement xexpressions symbolic expression library in C++ with Python bindings,Copilot,2026-05-19T16:47:05Z,9,5,2,5
702,Correct schema registration split for `ai.onnx.preview.training`,Copilot,2026-05-19T15:57:18Z,3,1,0,3
700,Update Python API docs to reflect onnx_lib subfolder hierarchy,Copilot,2026-05-19T15:48:18Z,3,1,0,2
704,Restore missing backend API doc anchor (`l-api-backend`),Copilot,2026-05-19T15:47:50Z,2,1,0,2
697,Fix multiline indentation in generated operator RST pages,Copilot,2026-05-19T14:05:13Z,4,1,0,4
692,Clarify when to link `onnx_light::lib_onnx_proto` vs `onnx_light::onnx_light`,Copilot,2026-05-19T13:36:19Z,7,1,0,7
696,Rename standalone C++ helper tests from `cpp-exe` to `cc_common`,Copilot,2026-05-19T13:35:52Z,2,1,0,2
694,Move C++ proto-related tests from `unittests/cc` to `unittests/proto`,Copilot,2026-05-19T13:35:40Z,2,1,0,2
686,Switch build and example CMake targets to C++20,Copilot,2026-05-19T12:56:21Z,3,3,1,3
690,Move OpenMP linkage from `lib_onnx_lib` to `lib_onnx_proto`,Copilot,2026-05-19T12:46:12Z,2,1,0,2
688,Add standalone C++ checker example and install-time headers needed for onnx_lib consumers,Copilot,2026-05-19T12:41:39Z,4,3,1,4
684,Link timing examples against proto-only target and make proto archive self-contained,Copilot,2026-05-19T12:12:48Z,2,1,0,2
682,Split C++ build output into `lib_onnx_proto` and `lib_onnx_lib`,Copilot,2026-05-19T11:33:59Z,3,1,0,3
679,split onnx_proto and onnx into standalone libraries,Copilot,2026-05-19T10:40:27Z,8,8,3,7
671,Add `compare_schemas` for operator schema diffing with breaking-change detection,Copilot,2026-05-19T08:59:36Z,8,21,10,8
674,Ensure generated RST inserts a blank line before `.. code-block::` directives,Copilot,2026-05-19T08:47:43Z,3,3,1,3
672,Reduce C++ Doxygen noise in `doc_cpp` workflow and lock config via unit test,Copilot,2026-05-19T08:47:29Z,3,1,0,3
673,Sanitize truncated operator summaries to prevent unclosed inline-code markers,Copilot,2026-05-19T08:33:34Z,6,3,1,6
678,"ci_durations: switch y-axis from log to linear scale, skip copilot-setup workflow",Copilot,2026-05-19T08:32:23Z,2,1,0,2
670,Add design page: using backend tests to evaluate a runtime,Copilot,2026-05-19T08:31:54Z,3,3,1,3
669,Add C++ tests for ComputeInputs (inliner) and expose GetUsedVars,Copilot,2026-05-19T08:00:08Z,2,1,0,2
657,Add focused C++ coverage for `shape_inference.cc` attribute element helpers,Copilot,2026-05-19T07:59:56Z,5,3,1,5
653,refactors documentation,xadupre,2026-05-19T07:59:43Z,5,5,2,2
654,Add C++ coverage for preview `defs.cc` schema specialization,Copilot,2026-05-19T07:40:02Z,2,1,0,2
656,Add focused C++ coverage for MathOpDataPropagator invalid broadcast ranks,Copilot,2026-05-19T07:39:29Z,3,1,0,3
655,Add C++ coverage for `BuildContextDependentFunctionBodyGelu`,Copilot,2026-05-19T07:39:18Z,6,1,0,6
652,Strengthen operator docs coverage for `ai.onnx.ml` domain pages,Copilot,2026-05-19T07:38:17Z,2,1,0,2
645,Add focused C++ coverage for InferShapesImpl via model-level shape inference,Copilot,2026-05-19T07:37:58Z,5,3,1,5
643,Add C++ tests for CheckTensorShapesAndTypes,Copilot,2026-05-19T07:37:48Z,2,1,0,2
641,Add C++ unit tests for GetValueCaseString,Copilot,2026-05-19T06:21:50Z,2,1,0,2
638,Fix missing blank line after bullet lists in RST operator page conversion,Copilot,2026-05-19T06:21:32Z,2,1,0,2
623,clean,xadupre,2026-05-19T05:43:10Z,12,7,3,7
636,Add CI job to generate standalone C++ documentation,Copilot,2026-05-18T19:12:10Z,3,3,1,3
634,Fix malformed Doxygen PREDEFINED macro value in docs/Doxyfile,Copilot,2026-05-18T15:07:52Z,5,1,0,5
631,Fix DataTypeUtils handling of nested map type strings,Copilot,2026-05-18T14:44:42Z,2,1,0,2
632,remove one file,xadupre,2026-05-18T13:06:49Z,1,1,0,0
627,Translate operator schema Markdown into valid reStructuredText in generated operator docs,Copilot,2026-05-18T13:06:31Z,4,1,0,4
629,Add individual RST pages for every past operator version with links from the latest version,Copilot,2026-05-18T12:58:59Z,2,1,0,2
625,Move doxygen execution to `_on_builder_inited` with verbose logging,Copilot,2026-05-18T12:37:05Z,2,1,0,2
616,Move non-template OpSchema/OpSchemaRegistry implementations from `schema.h` to `schema.cc`,Copilot,2026-05-18T12:26:47Z,3,1,0,3
618,Keep short `opset_import` repr output on one line,Copilot,2026-05-18T12:06:27Z,2,1,0,2
620,Enable short one-line `repr` for `TensorShapeProto` and `TensorShapeProto.Dimension`,Copilot,2026-05-18T12:05:01Z,2,1,0,2
622,Use explicit parallel job count when building examples,Copilot,2026-05-18T12:03:59Z,2,1,0,2
607,Default `setup.py build_ext` to Release builds to reduce artifact size,Copilot,2026-05-18T11:37:05Z,8,3,1,8
613,Add C++ docs example for proto debug printing via `PrintToVectorString`,Copilot,2026-05-18T11:36:46Z,7,1,0,7
609,Reduce compilation time for defs.cc and old.cc operator definition files,Copilot,2026-05-18T11:36:19Z,2,1,0,2
614,fixes shape inference bug,xadupre,2026-05-18T11:36:07Z,1,1,0,0
606,Default `setup.py` CMake builds to parallel execution,Copilot,2026-05-18T11:12:49Z,3,1,0,3
605,fix node copy,xadupre,2026-05-18T10:54:09Z,2,1,0,0
603,Stabilize vendored ONNX schema parity test against upstream weekly changes,Copilot,2026-05-18T10:52:28Z,3,1,0,3
604,remove checker_io.cc,xadupre,2026-05-18T10:51:33Z,1,1,0,0
601,Expose all C++ unit test sources in Visual Studio CMake projects,Copilot,2026-05-18T09:46:35Z,4,1,0,4
596,Source ONNX IR_VERSION from C++ bindings and remove Python-side IR mapping,Copilot,2026-05-18T09:41:25Z,2,1,0,2
600,Preserve Visual Studio source folder hierarchy in generated CMake project,Copilot,2026-05-18T09:37:57Z,5,3,1,5
597,Enable parallel compilation across CI build workflows,Copilot,2026-05-18T09:29:29Z,3,3,1,3
595,Include C++ headers in Visual Studio-generated CMake projects,Copilot,2026-05-18T09:20:40Z,2,1,0,2
599,fix,xadupre,2026-05-18T09:20:24Z,1,1,0,0
582,ref,xadupre,2026-05-18T09:06:03Z,33,8,3,3
587,Add --parallel/-j option to setup.py build commands; document multi-threaded builds,Copilot,2026-05-17T20:54:09Z,4,3,1,4
584,Document C++ test builds and add a setup.py flag for them,Copilot,2026-05-17T19:14:18Z,13,3,1,13
581,Use CMake glob/globrecurse for repeated source discovery,Copilot,2026-05-17T09:36:36Z,8,1,0,8
579,Add backend section to API docs,Copilot,2026-05-16T21:21:26Z,12,9,4,12
578,Expand `schema.h` API documentation coverage and add docs guardrails,Copilot,2026-05-16T20:06:51Z,4,1,0,4
571,Add and wire BlackmanWindow backend node test cases (periodic + symmetric),Copilot,2026-05-16T17:32:38Z,20,7,3,5
575,Align `get_all_schemas_with_history` key set with upstream ONNX while keeping onnx-light self-contained,Copilot,2026-05-16T11:15:24Z,7,9,4,6
568,Remove Python `pychecker` shim and use `checker` APIs everywhere,Copilot,2026-05-16T10:42:27Z,7,5,2,7
572,Generate operator docs from onnx-light schemas so operator pages include complete IO/attribute/constraint metadata,Copilot,2026-05-16T10:22:54Z,4,3,1,4
567,Surface operator-doc generation progress during Sphinx builder init,Copilot,2026-05-16T09:53:11Z,2,1,0,2
564,Document all `onnx/defs/*/utils.h` headers in C++ API docs,Copilot,2026-05-16T09:38:23Z,3,1,0,3
489,Add auto-generated operator documentation pages per domain and per operator,Copilot,2026-05-16T09:37:42Z,21,13,6,8
561,Improve C++ API documentation coverage for `defs/attr_proto_util.h`,Copilot,2026-05-16T09:13:32Z,8,1,0,8
563,Auto-register built-in schemas when enumerating all operator schemas,Copilot,2026-05-16T09:12:57Z,4,1,0,4
560,Improve C++ API documentation for `defs/data_type_utils.h`,Copilot,2026-05-16T09:08:40Z,8,1,0,8
559,Improve C++ API documentation coverage for `defs/doc_strings.h`,Copilot,2026-05-16T09:08:30Z,7,1,0,7
558,Improve C++ API documentation coverage for `defs/function.h`,Copilot,2026-05-16T09:08:20Z,4,1,0,4
557,Improve C++ docs coverage for defs/operator_sets\*.h,Copilot,2026-05-16T08:58:33Z,2,1,0,2
556,Improve Doxygen documentation in defs/printer.h,Copilot,2026-05-16T08:57:31Z,2,1,0,2
554,Document C++ defs/shape_inference.h comprehensively with Doxygen @param/@return coverage,Copilot,2026-05-16T08:56:58Z,2,1,0,2
553,doc: add Doxygen documentation for defs/tensor_proto_util.h,Copilot,2026-05-16T08:56:49Z,2,1,0,2
555,Add comprehensive Doxygen documentation to defs/parser.h,Copilot,2026-05-16T08:56:35Z,2,1,0,2
552,Improve C++ API documentation coverage for `defs/tensor_util.h`,Copilot,2026-05-16T08:50:08Z,3,1,0,3
540,Refactor `_onnxpy` submodule bindings into dedicated translation unit and add `_onnxpy.h`,Copilot,2026-05-16T08:35:56Z,3,1,0,3
539,Comprehensively document C++ shape_inference header and docs page context,Copilot,2026-05-16T07:58:18Z,8,3,1,8
535,Improve C++ API documentation coverage for `onnx/defs/parser.h`,Copilot,2026-05-16T07:58:00Z,12,3,1,12
538,Improve C++ `schema.h` API documentation coverage and strengthen doc regression checks,Copilot,2026-05-16T07:57:43Z,5,3,1,5
537,Improve C++ API documentation for `defs/printer.h`,Copilot,2026-05-16T07:57:25Z,5,1,0,5
536,docu,xadupre,2026-05-16T07:48:06Z,5,1,0,0
534,Improve C++ API documentation for `onnx-data.pb.h` compatibility header,Copilot,2026-05-16T07:21:31Z,3,1,0,3
490,noonnx,xadupre,2026-05-16T07:17:59Z,36,28,13,15
533,Improve C++ API documentation for `shape_inference/implementation.h`,Copilot,2026-05-16T07:02:22Z,2,1,0,2
532,Improve C++ API documentation for `node_inference_context.h`,Copilot,2026-05-16T07:02:02Z,3,1,0,3
531,Improve API documentation in `internal_symbol.h`,Copilot,2026-05-16T07:01:42Z,4,1,0,4
530,Improve C++ checker API documentation in `checker.h`,Copilot,2026-05-16T07:00:58Z,7,1,0,7
506,Fix double comma in NodeProto `__repr__` output,Copilot,2026-05-15T23:09:33Z,4,5,2,4
526,Improve API documentation for `attribute_binder.h`,Copilot,2026-05-15T23:09:13Z,2,1,0,2
527,Improve `BaseConverter.h` API docs for `BaseVersionConverter`,Copilot,2026-05-15T23:08:58Z,7,1,0,7
529,Add Doxygen documentation to version_converter/helper.h,Copilot,2026-05-15T23:08:37Z,2,1,0,2
528,Document C++ `errors.h` for version_converter,Copilot,2026-05-15T23:08:20Z,2,1,0,2
512,docs: add comprehensive Doxygen documentation to ir.h,Copilot,2026-05-15T22:40:33Z,3,1,0,3
510,Improve API documentation in `ir_pb_converter.h`,Copilot,2026-05-15T22:21:25Z,4,1,0,4
508,doc: add Doxygen documentation to graph_node_list.h,Copilot,2026-05-15T22:21:06Z,2,1,0,2
500,Remove remaining `google::protobuf::RepeatedPtrField` usages from core C++ paths,Copilot,2026-05-15T22:20:10Z,2,1,0,2
502,Make `ModelProto.__repr__` include `opset_import` when compact,Copilot,2026-05-15T21:50:38Z,3,3,1,3
504,Add Python `__repr__` support for `TypeProto` in `_onnxpy` bindings,Copilot,2026-05-15T21:09:13Z,3,1,0,3
497,Add runtime parity test for ONNX op registration between onnx_light and onnx,Copilot,2026-05-15T14:20:24Z,3,1,0,3
494,Expose C++ `checker.check_model` through `onnx_light.onnx.checker`,Copilot,2026-05-15T12:40:28Z,7,3,1,7
484,"Add Ubuntu CI job: run all tests without onnx, excluding onnxl_vs_onnx",Copilot,2026-05-14T20:28:45Z,2,1,0,2
359,Translate onnx/test/cpp/ir_test.cc to onnx-light,Copilot,2026-05-12T17:37:39Z,2,1,0,2
445,Align schema registration with upstream ONNX opset loading semantics,Copilot,2026-05-13T15:47:43Z,3,1,0,3
318,Add `bench_save_file` benchmark for `save/2filex1/onnxlight` profiling,Copilot,2026-05-12T11:21:36Z,3,1,0,3
280,Split `SerializeSize` into proto and external data accounting,Copilot,2026-05-12T08:42:40Z,4,5,1,4
251,Vendor ONNX `onnx/defs/rnn` into `onnx-light`,Copilot,2026-05-11T13:51:57Z,3,1,0,3
263,Vendor ONNX `defs/tensor` compatibility subtree into `onnx-light`,Copilot,2026-05-11T16:41:01Z,3,1,0,3
233,Keep both `load_onnx_time` and `load_onnx_light_time` C++ executables in `plot_onnx_time` load benchmarks,Copilot,2026-05-11T13:21:19Z,6,3,1,6
219,Add scenario-selective CLI execution to `plot_onnx_time.py`,Copilot,2026-05-11T10:56:15Z,3,1,0,3
70,Fix slow file parsing and broken parallel loading in ParseModelProtoFromStream,Copilot,2026-05-07T16:13:22Z,4,5,2,4
66,Investigate and optimize external-data load path while keeping default behavior unchanged,Copilot,2026-05-07T16:13:44Z,9,7,3,9
51,Add CI job durations page with GitHub API fetching and CSV caching,Copilot,2026-05-07T12:35:32Z,3,2,1,3
10,Rename CI step to “Build and Install package” in core workflow,Copilot,2026-05-07T09:27:11Z,5,2,1,5
6,Import onnx module from onnx-extended with unittests,Copilot,2026-05-06T17:02:55Z,6,12,5,6
492,Add linked README logo with constrained display size,Copilot,2026-05-15T12:02:08Z,2,1,0,2
479,Adapt onnx version converter tests to onnx_light,Copilot,2026-05-15T11:38:58Z,18,19,9,11
488,Adapt onnx inliner_test.py to onnx_light,Copilot,2026-05-15T08:52:13Z,3,3,1,3
487,Expand Python API docs coverage for `onnx_light.onnx` modules,Copilot,2026-05-15T07:27:22Z,4,1,0,4
485,Adapt onnx/test/basic_test.py to onnx_light,Copilot,2026-05-14T21:38:31Z,2,1,0,2
478,Adapt function_inference_test to onnx_light,Copilot,2026-05-14T20:40:24Z,3,3,1,3
481,CI: remove duplicate onnx-light build in core/debug workflows,Copilot,2026-05-14T20:40:00Z,3,3,1,3
482,Adapt ONNX `data_propagation_test.py` coverage to onnx_light node inference,Copilot,2026-05-14T20:39:42Z,3,3,1,3
477,Add TensorBufferOptions base class and ConsolidateTensorsToBuffer function,Copilot,2026-05-14T13:06:33Z,4,4,1,4
475,Adapt ONNX symbolic shape tests to onnx_light shape-inference APIs,Copilot,2026-05-14T12:36:17Z,3,1,0,3
431,Adapt onnx/test/compose_test.py to onnx_light,Copilot,2026-05-14T12:35:48Z,23,9,4,8
474,Add CI core job to validate 32-bit Windows build,Copilot,2026-05-14T12:22:25Z,2,1,0,2
435,Adapt upstream shape inference test coverage to onnx_light schema registration API,Copilot,2026-05-14T12:04:10Z,15,14,7,8
472,Reduce regular Windows wheel build time by restricting PR builds to AMD64,Copilot,2026-05-14T12:02:47Z,2,1,0,2
439,Adapt onnx/numpy_helper.py to onnx_light,Copilot,2026-05-14T11:19:58Z,12,13,6,8
468,Make proto `__repr__` compact for short `NodeProto`/`ValueInfoProto`/`AttributeProto`,Copilot,2026-05-14T10:56:19Z,4,3,1,4
469,unit test for a bug,xadupre,2026-05-14T10:54:22Z,3,5,2,2
470,Remove direct `onnx` dependency from shape-inference tests with onnx_light schema registration,Copilot,2026-05-14T10:53:35Z,6,2,1,6
463,Correct `load/2filex1/onnxlight-nocopy` benchmark to measure data access cost via C++ `ParseOptions`,Copilot,2026-05-14T10:21:15Z,15,17,8,13
466,Accept Python `int` in `ModelProto.model_version` setter for OptionalField bindings,Copilot,2026-05-14T09:38:10Z,2,1,0,2
453,one more unittest,xadupre,2026-05-14T07:29:59Z,5,3,1,1
455,fix: eliminate extra memcpy in no_copy external-data load via mmap,Copilot,2026-05-13T21:30:12Z,5,3,1,3
461,Restore C++ benchmark discovery in `plot_onnx_time.py` under sphinx-gallery execution,Copilot,2026-05-13T21:29:03Z,4,1,0,4
459,ci: gate Windows/macOS jobs on Ubuntu success,Copilot,2026-05-13T20:03:17Z,2,1,0,2
457,Fix cpp benchmark scenarios missing from plot_onnx_time.py under sphinx-gallery,Copilot,2026-05-13T19:12:19Z,3,1,0,3
446,Share external-data buffers for no-copy ONNX loads,Copilot,2026-05-13T16:44:47Z,8,7,3,8
452,Ensure `RepeatedProtoField.__iter__` yields live proto references,Copilot,2026-05-13T16:19:24Z,2,1,0,2
441,Test that get_schema returns the highest registered opset ≤ requested version,Copilot,2026-05-13T16:16:42Z,6,4,1,4
450,Implement list-style `__repr__` for `RepeatedField<...>` Python bindings,Copilot,2026-05-13T16:15:56Z,2,1,0,2
448,Replace remaining unittest.TestCase usage with ExtTestCase,Copilot,2026-05-13T16:15:37Z,2,1,0,2
443,"Implement `__eq__`, `__ne__`, `__lt__`, `__gt__` operators for `_onnxpy.String`",Copilot,2026-05-13T14:44:36Z,2,1,0,2
437,Add Python `+` interop for `_onnxpy.String` with native `str`,Copilot,2026-05-13T13:42:10Z,2,1,0,2
434,Remove helper-level `_onnx_*_version` wrappers and use `onnx.defs` version sources directly,Copilot,2026-05-13T13:39:48Z,18,7,3,13
419,first backend test,xadupre,2026-05-13T13:22:59Z,24,20,10,14
416,Add OpenSSL AES-256-CBC encrypted ONNX model save/load (C++ + Python),Copilot,2026-05-13T13:18:13Z,13,23,11,13
432,Add `shape_inference.infer_node_outputs` and adapt node shape inference test to onnx_light,Copilot,2026-05-13T12:59:51Z,6,5,2,4
430,Enforce no-subdirectory constraint on external data filenames in C++,Copilot,2026-05-13T12:19:46Z,3,3,1,3
427,Add ONNX parity guardrail test and align default opset version with upstream,Copilot,2026-05-13T11:43:35Z,8,5,2,4
428,Adapt ONNX `checker_test.py` coverage to `onnx_light` Python checker,Copilot,2026-05-13T11:15:21Z,3,1,0,3
425,Enforce same-directory external data targets for multi-file model save (C++),Copilot,2026-05-13T11:15:07Z,5,5,2,5
421,"Enforce alignment invariants for external tensor data and no-copy parse paths, with C++ coverage for split/parse compatibility",Copilot,2026-05-13T10:43:05Z,6,5,2,6
423,Add `onnx_light.onnx.defs` schema lookup API compatible with `onnx.defs`,Copilot,2026-05-13T10:41:31Z,8,3,1,5
417,Translate C++ inliner_test.cc to onnx-light,Copilot,2026-05-13T10:00:30Z,6,5,2,5
418,Adapt ONNX `function_test.py` coverage to onnx-light function models,Copilot,2026-05-13T08:54:55Z,3,1,0,3
413,Ut,xadupre,2026-05-13T08:24:18Z,4,1,0,0
410,Translate function_context_test.cc C++ unit tests to onnx-light,Copilot,2026-05-13T08:23:36Z,6,5,2,6
411,Translate C++ data propagation tests from onnx to onnx_light,Copilot,2026-05-13T08:03:55Z,4,3,1,4
407,Translate op_reg_test.cc to onnx-light C++ unit test,Copilot,2026-05-13T08:03:24Z,3,3,1,3
403,"Add deterministic custom `rand`, `randn`, and `randint` with optional seed for cross-platform-stable outputs",Copilot,2026-05-13T06:35:40Z,5,1,0,5
409,Switch CI job durations chart to logarithmic y-axis,Copilot,2026-05-13T06:35:23Z,2,1,0,2
406,Translate ONNX `function_verify_test.cc` into onnx-light C++ unit tests,Copilot,2026-05-13T06:34:54Z,2,1,0,2
393,Document `onnx/string_utils.h` and `onnx/common/string_utils.h` in C++ API docs,Copilot,2026-05-13T06:01:35Z,15,14,7,15
400,docs: add Doxygen documentation to proto_util.h and proto_utils.h,Copilot,2026-05-13T06:01:13Z,2,1,0,2
401,docs: add Doxygen documentation to scoped_resource.h,Copilot,2026-05-13T06:00:57Z,2,1,0,2
399,Add Doxygen documentation to path.h and platform_helpers.h,Copilot,2026-05-13T06:00:40Z,2,1,0,2
398,docs: document onnx_pb.h — why it exists in onnx-light,Copilot,2026-05-13T06:00:20Z,3,1,0,3
397,Document all exported symbols in `onnx/common/constants.h`,Copilot,2026-05-12T23:06:59Z,2,1,0,2
396,docs: add Doxygen documentation to all macros in common.h,Copilot,2026-05-12T23:06:40Z,3,1,0,3
395,Translate function_get_test.cc to onnx-light,Copilot,2026-05-12T23:05:26Z,2,1,0,2
391,documentation,xadupre,2026-05-12T22:49:14Z,3,1,0,0
392,Document `onnx/common/tensor.h` Tensor API with Doxygen comments,Copilot,2026-05-12T22:47:28Z,2,1,0,2
394,doc: add full Doxygen documentation to status.h,Copilot,2026-05-12T22:47:08Z,2,1,0,2
377,Document `ArrayRef` semantics and preconditions in C++ API docs,Copilot,2026-05-12T22:33:09Z,9,3,1,9
383,Document `LoadProtoFromPath` in the C++ API,Copilot,2026-05-12T22:27:36Z,6,1,0,6
379,doc: add Doxygen documentation to assertions.h,Copilot,2026-05-12T22:27:17Z,2,1,0,2
374,Change `add_##name` return type from reference to pointer,Copilot,2026-05-12T22:13:30Z,3,1,0,3
375,Unskip dry-run setup.py tests,Copilot,2026-05-12T21:23:00Z,2,1,0,2
372,move,xadupre,2026-05-12T21:11:34Z,3,1,0,0
371,Consolidate all GTest C++ unit tests into a single executable,Copilot,2026-05-12T20:54:29Z,2,1,0,2
365,Translate schema_registration_test.cc to onnx-light,Copilot,2026-05-12T20:34:00Z,4,3,1,4
364,Add design doc for C++ install and no-install linkage with onnx-light and anchor it to existing example,Copilot,2026-05-12T20:24:12Z,4,5,2,4
366,Translate upstream UTF-8 conversion C++ tests into onnx-light common tests,Copilot,2026-05-12T20:23:43Z,5,1,0,5
362,Use ONNX weekly builds in non-release CI workflows,Copilot,2026-05-12T20:02:41Z,2,1,0,2
332,Fix Doxygen config so all C++ `doxygenfile` pages resolve and parse in API docs,Copilot,2026-05-12T17:15:02Z,18,8,3,5
345,"Add Python bindings for parser, defs, and version_converter (translate cpp2py_export.cc)",Copilot,2026-05-12T16:25:49Z,5,4,1,3
343,Translate ONNX checker_test.cc C++ unit tests to onnx-light,Copilot,2026-05-12T15:11:57Z,4,1,0,4
342,Align C++ save benchmark with one-file onnxlight scenario,Copilot,2026-05-12T14:37:30Z,2,1,0,2
340,Translate ONNX shape-inference merge-shape C++ tests into dedicated onnx-light shape-inference test suite,Copilot,2026-05-12T14:33:21Z,5,3,1,5
336,Add alignment stress test for external TensorProto with random sizes,Copilot,2026-05-12T14:27:16Z,3,3,1,3
338,Clarify and enforce non-mutating behavior for two-file ModelProto serialization,Copilot,2026-05-12T13:41:57Z,2,1,0,2
334,Align external-save benchmark timing between ONNX and onnx_light by including file flush/write-back,Copilot,2026-05-12T13:39:06Z,2,1,0,2
329,Add regression coverage for non-mutating two-file ModelProto serialization,Copilot,2026-05-12T13:33:02Z,13,5,2,13
327,Translate ONNX parser_test.cc C++ coverage into onnx_light parser tests,Copilot,2026-05-12T13:23:24Z,11,5,2,11
330,Add standard deviation to C++ timing examples and surface it in plot_onnx_time,Copilot,2026-05-12T13:11:54Z,3,1,0,3
323,Refactor C++ Doxygen docs to mirror `onnx_light/onnx` subfolder hierarchy,Copilot,2026-05-12T13:01:38Z,8,9,4,7
326,Vendor onnx/version_converter into onnx-light,Copilot,2026-05-12T11:59:55Z,4,1,0,2
320,Vendor ONNX checker sources (`checker.h` / `checker.cc`) into onnx-light,Copilot,2026-05-12T11:39:13Z,4,1,0,3
321,Vendor ONNX inliner sources into onnx-light,Copilot,2026-05-12T11:38:54Z,2,1,0,2
316,Add `cpp` as a standalone selectable benchmark scenario in `plot_onnx_time`,Copilot,2026-05-12T11:21:19Z,2,1,0,2
313,Vendor onnx/defs/shape_inference.cc and onnx/shape_inference/*,Copilot,2026-05-12T11:13:18Z,3,1,0,2
319,update make_doc.sh,xadupre,2026-05-12T11:13:02Z,1,1,0,0
297,Vendor ONNX defs printer API (`printer.h` / `printer.cc`) into onnx-light,Copilot,2026-05-12T09:44:39Z,2,1,0,2
295,Split `SerializeSize` external tensor bytes into `small_data_size` and `big_data_size`,Copilot,2026-05-12T09:29:22Z,3,3,1,3
296,"Vendor ONNX function defs (`function.h`, `function.cc`) into compatibility tree",Copilot,2026-05-12T09:16:34Z,3,1,0,3
285,vendor onnx/defs/operator_*.h into onnx_light with ONNX_LIGHT_NAMESPACE,Copilot,2026-05-12T08:43:22Z,3,1,0,3
278,"Remove MmapStream, replace with FileStream",Copilot,2026-05-12T07:18:01Z,3,1,0,3
275,Vendor ONNX preview defs into onnx-light compatibility tree,Copilot,2026-05-11T23:18:47Z,2,1,0,2
274,Add dedicated `bench_load_file` profiling target and wire it into benchmark profiling scripts,Copilot,2026-05-11T23:18:26Z,2,1,0,2
276,Vendor ONNX `defs/reduction` into `onnx-light`,Copilot,2026-05-11T23:17:59Z,2,1,0,2
268,Vendor ONNX sequence defs into onnx-light,Copilot,2026-05-11T23:05:59Z,4,3,1,4
272,Avoid zero-initializing ByteSpan owned storage,Copilot,2026-05-11T23:04:40Z,3,1,0,3
270,Import ONNX optional defs into the vendored compatibility tree,Copilot,2026-05-11T22:18:43Z,3,1,0,3
269,Vendor ONNX quantization defs into onnx-light,Copilot,2026-05-11T22:18:23Z,2,1,0,2
267,"spell, format",xadupre,2026-05-11T21:35:40Z,1,1,0,0
259,"fix: load_onnx_time must use standard onnx library, not ONNX_LIGHT_NAMESPACE",Copilot,2026-05-11T21:17:35Z,17,20,11,15
266,Vendor ONNX object_detection operator defs into onnx-light,Copilot,2026-05-11T20:50:00Z,3,1,0,3
265,Vendor ONNX text operator defs into `onnx_light` and add import guard test,Copilot,2026-05-11T20:49:24Z,3,1,0,3
264,Import ONNX image defs (onnx/defs/image),Copilot,2026-05-11T17:32:06Z,2,1,0,2
262,Vendor ONNX logical operator defs into onnx-light,Copilot,2026-05-11T16:24:55Z,3,1,0,3
257,Vendor upstream ONNX math defs into `onnx_light`,Copilot,2026-05-11T16:24:29Z,4,3,1,4
260,Vendor ONNX traditionalml operator defs into onnx-light,Copilot,2026-05-11T15:51:31Z,4,3,1,4
261,Vendor ONNX nn defs into onnx_light,Copilot,2026-05-11T15:24:36Z,2,1,0,2
250,Correct ONNX capability matrix: mark standalone C++ library support as available,Copilot,2026-05-11T14:12:24Z,3,3,1,3
255,plot_onnx_time: replace CPU utilization with 95% confidence interval on benchmark graph,Copilot,2026-05-11T14:11:49Z,3,3,1,3
256,Vendor ONNX training defs into onnx-light,Copilot,2026-05-11T14:09:02Z,2,1,0,2
253,Make external-data save benchmarks single-shot and comparable,Copilot,2026-05-11T13:51:12Z,3,1,0,3
191,Eliminate intermediate copy in `_SerializeToString` via `BorrowedStringWriteStream`,Copilot,2026-05-11T13:17:58Z,7,16,7,7
232,Vendor ONNX `onnx/defs/generator` into `onnx_light` with namespace compatibility checks,Copilot,2026-05-11T13:01:24Z,4,1,0,4
230,Import upstream ONNX controlflow defs tree into onnx-light compatibility layer,Copilot,2026-05-11T12:36:33Z,3,1,0,3
229,fix documentation,xadupre,2026-05-11T12:26:14Z,5,1,0,0
227,Import ONNX `data_propagators.h` into defs compatibility layer,Copilot,2026-05-11T12:13:46Z,3,1,0,3
222,Add `BorrowedStringWriteStream` for fixed-capacity borrowed serialization buffers,Copilot,2026-05-11T11:50:14Z,3,1,0,3
224,Import doc_strings.h and doc_strings.cc from onnx/onnx,Copilot,2026-05-11T11:49:59Z,2,1,0,2
221,Factorize `_measure_cpp_load_with_example` / `_measure_cpp_save_with_example` into `doc.py`,Copilot,2026-05-11T11:41:28Z,2,1,0,2
215,Measure C++ load benchmark time inside `load_onnx_light_time` and consume it in `plot_onnx_time`,Copilot,2026-05-11T11:17:38Z,7,7,3,7
216,Factor standalone ONNX timing executable discovery into `onnx_light.onnx.doc`,Copilot,2026-05-11T10:21:30Z,3,1,0,3
217,Simplify example build wrappers by delegating to per-example build scripts,Copilot,2026-05-11T10:21:13Z,3,1,0,3
213,Rename standalone C++ example `load_onnx_light` to `load_onnx_light_time`,Copilot,2026-05-11T09:52:48Z,2,1,0,2
214,Rename save benchmark example from `save_onnx_time` to `save_onnx_light_time`,Copilot,2026-05-11T09:51:56Z,2,1,0,2
211,fix example,xadupre,2026-05-11T09:21:54Z,1,1,0,0
206,Use ONNX_LIGHT_NAMESPACE consistently across all C++ namespace declarations,Copilot,2026-05-11T09:17:44Z,6,9,4,6
200,Add save/2filex1/onnxlight-cpp and save/2filex4/onnxlight-cpp benchmarks,Copilot,2026-05-11T08:54:09Z,4,5,2,4
198,Vendor ONNX `schema.h`/`schema.cc` into defs and add schema compatibility tests,Copilot,2026-05-11T08:21:55Z,6,7,3,6
202,Align C++ load benchmark with `onnx_light` mmap loading path,Copilot,2026-05-11T08:10:28Z,2,1,0,2
203,feat: aligned TensorProto raw data — memory allocation and external file offsets,Copilot,2026-05-11T08:09:59Z,3,1,0,3
194,Add `load/1filex4/onnxlight-cpp` benchmark path to `plot_onnx_time`,Copilot,2026-05-10T21:07:56Z,3,1,0,3
187,Import cc implementations for onnx/defs headers (follow-up to #178),Copilot,2026-05-10T20:54:51Z,6,7,3,6
174,Support TensorProto external-data serialization across multiple weight files and split SerializeToString outputs,Copilot,2026-05-10T20:53:35Z,12,14,7,12
192,docs: add external-data / multi-file load+save documentation and example,Copilot,2026-05-10T20:15:17Z,2,1,0,2
185,Support loading ONNX models with external data split into several files,Copilot,2026-05-10T19:34:16Z,3,3,1,3
184,Add missing build.bat/build.sh to every C++ example,Copilot,2026-05-10T08:53:32Z,2,1,0,2
178,Vendor ONNX `defs` compatibility headers (attr/data_type/parser/tensor) and expose them in install,Copilot,2026-05-10T08:35:20Z,4,3,1,4
180,Add max external weight-file size control when saving ONNX models with external data,Copilot,2026-05-10T08:35:00Z,3,1,0,3
176,Import ONNX `onnx/common` compatibility files into `onnx-light`,Copilot,2026-05-09T21:10:34Z,4,5,2,4
167,"Add ONNX C++ compatibility headers (`onnx_pb.h`, `string_utils.h`, `proto_utils.h`) in `onnx/common` with namespace support and unit tests",Copilot,2026-05-09T17:56:58Z,7,7,3,7
171,Fix `plot_onnx_time` C++ executable discovery for current standalone build layouts,Copilot,2026-05-09T17:36:50Z,5,3,1,5
162,Integrate optional `load_onnx_time` C++ load metrics into `plot_onnx_time`,Copilot,2026-05-09T10:27:34Z,5,3,1,5
163,"Improve `save/2filex1` performance: buffer main .onnx in memory, remove dead code, fix toint64",Copilot,2026-05-09T10:27:15Z,3,1,0,3
164,Stabilize `save/1filex1/onnxlight` benchmark timing with controlled warm-up behavior,Copilot,2026-05-09T10:24:01Z,9,3,1,9
166,docs: add design section explaining onnx vs onnx_light differences,Copilot,2026-05-09T10:23:35Z,3,1,0,3
158,Restrict build_wheel to cp312 only; add manual full-matrix release workflow,Copilot,2026-05-09T10:22:48Z,3,3,1,3
151,Use mmap for file loading to match in-memory parse speed,Copilot,2026-05-09T10:15:53Z,6,7,2,6
160,Add `examples/build.sh` to build all standalone examples in one command,Copilot,2026-05-09T10:14:11Z,5,1,0,5
154,"Add standalone C++ ONNX load-time example with build scripts, CI validation, and `load_onnx_light` rename",Copilot,2026-05-09T09:50:20Z,10,11,5,10
152,"serialization: compute size first, pre-allocate, then serialize",Copilot,2026-05-09T09:11:00Z,2,1,0,2
147,Add zero-copy parsing option to avoid raw_data allocation per tensor,Copilot,2026-05-09T08:37:51Z,8,11,5,8
146,Document classes and methods in onnx.h,Copilot,2026-05-08T20:53:45Z,3,3,1,3
145,docs: add Doxygen documentation to all items in onnx_light_helpers.h,Copilot,2026-05-08T20:29:07Z,2,1,0,2
144,docs: add Doxygen documentation to onnx_alias.h,Copilot,2026-05-08T20:28:54Z,3,1,0,3
143,docs: add Doxygen documentation to all elements in simple_span.h,Copilot,2026-05-08T20:28:41Z,2,1,0,2
142,Expand Doxygen coverage for all declarations in `onnx_helper.h`,Copilot,2026-05-08T20:28:05Z,3,1,0,3
141,Add Doxygen documentation to all classes and methods in fields.h,Copilot,2026-05-08T20:27:49Z,2,1,0,2
140,Document generated proto macros and core types in `stream_class.h`,Copilot,2026-05-08T20:27:30Z,5,1,0,5
139,Build wheel artifacts with cibuildwheel across Linux/Windows/macOS for CPython 3.11–3.13,Copilot,2026-05-08T20:05:19Z,2,1,0,2
137,update example,xadupre,2026-05-08T20:04:33Z,3,3,1,1
134,doc: add Doxygen comments to ThreadPool class and methods in thread_pool.h,Copilot,2026-05-08T16:18:53Z,2,1,0,2
135,docs: add Doxygen documentation to all classes and methods in stream.h,Copilot,2026-05-08T16:18:32Z,3,1,0,3
136,Add CPU utilization to `plot_onnx_time.py` table output and chart labels,Copilot,2026-05-08T16:08:08Z,3,1,0,3
122,"Expose onnx_light as an installable CMake library, add standalone C++ example, and document it",Copilot,2026-05-08T16:02:51Z,4,3,1,4
120,Add onnxruntime loading benchmark (ORT_DISABLE_ALL) to plot_onnx_time,Copilot,2026-05-08T15:40:58Z,4,5,2,4
118,Reduce section titles in plot_onnx_time from 20 to 6,Copilot,2026-05-08T15:17:56Z,2,1,0,2
103,docs: rewrite protos.rst to match onnx-extended per-class autoclass style,Copilot,2026-05-08T12:07:35Z,7,5,2,4
115,Document `RefString` and `String` APIs in `simple_string.h`,Copilot,2026-05-08T11:57:23Z,3,3,1,3
110,Add clear standalone benchmark workflow for Visual Studio serialize/parse profiling,Copilot,2026-05-08T11:56:25Z,6,3,1,6
113,Generate dedicated Sphinx-Gallery pages for sub-galleries,Copilot,2026-05-08T11:56:08Z,2,1,0,2
108,Add clang-format as C++ linter with CI enforcement and Copilot skill integration,Copilot,2026-05-08T11:27:51Z,3,3,1,3
106,Doc,xadupre,2026-05-08T11:06:33Z,2,1,0,0
105,Rename onnx_extended_helpers → onnx_light_helpers,Copilot,2026-05-08T11:06:17Z,2,1,0,2
101,Add test for ir_version and tensor types parity with official ONNX; fix ir_version value,Copilot,2026-05-08T11:05:50Z,2,1,0,2
98,Clarify `plot_onnx_time` y-axis label encoding and simplify chart title,Copilot,2026-05-08T10:44:18Z,2,1,0,2
96,Increase width of example benchmark graphs,Copilot,2026-05-08T10:07:47Z,2,1,0,2
90,examples,xadupre,2026-05-08T09:34:47Z,10,8,4,4
85,Adjust `SerializeToString` stream implementation after review feedback,Copilot,2026-05-08T08:31:16Z,7,12,5,7
89,Add copilot-setup-steps.yml for style and build skills,Copilot,2026-05-08T07:31:53Z,2,1,0,2
78,Add C++ benchmark and profile.sh for parse/serialize profiling (gprof/perf/valgrind),Copilot,2026-05-08T07:22:06Z,8,9,4,8
87,Add focused cProfile benchmark example for ONNX external-data save profiling,Copilot,2026-05-08T07:14:33Z,9,3,1,9
83,Eliminate extra copy in `ParseFromString(bytes)` path to close load/parse performance gap,Copilot,2026-05-07T21:48:00Z,4,1,0,4
80,Extend ONNX API docs with a higher-level proto overview page,Copilot,2026-05-07T21:42:45Z,3,3,1,3
81,documentation,xadupre,2026-05-07T19:43:22Z,1,1,0,0
74,perf: speed up protobuf parsing via varint fast path and bulk packed-array reads,Copilot,2026-05-07T19:26:58Z,3,1,0,3
72,Fix SerializeToString parallelization: honor SerializeOptions.parallel for in-memory serialization,Copilot,2026-05-07T15:35:41Z,4,1,0,4
68,Extend `plot_onnx_time` to benchmark `SerializeToString` and `ParseFromString` across ONNX and ONNX-Light (including parallel mode),Copilot,2026-05-07T15:07:30Z,7,1,0,7
61,Fix `save()` default external-data location and implement parallel external data writes,Copilot,2026-05-07T14:24:48Z,8,9,4,8
64,improve example,xadupre,2026-05-07T14:08:31Z,6,4,2,2
45,Extend CI matrix to windows-latest and macos-latest,Copilot,2026-05-07T13:34:31Z,8,10,5,8
57,Document missing C++ class APIs in generated docs,Copilot,2026-05-07T13:34:15Z,4,2,1,4
59,Reduce external-data parallel load overhead by removing per-block stream opens,Copilot,2026-05-07T12:55:41Z,3,0,0,3
55,Add parallel serialization controls to `SerializeOptions` and wire them into raw-data writes,Copilot,2026-05-07T12:50:58Z,2,0,0,2
53,fix(plot_onnx_time): distinct colors for onnx vs onnx_light bars,Copilot,2026-05-07T12:35:07Z,2,0,0,2
38,Clarify ONNX save benchmark semantics and keep avg+median timing output,Copilot,2026-05-07T12:14:59Z,8,4,2,8
47,Speed up `onnx_light.onnx.load` for external-data models while keeping parallel loading explicit,Copilot,2026-05-07T12:14:39Z,5,2,1,5
49,Fix code coverage data not being sent to Codecov,Copilot,2026-05-07T11:50:30Z,2,0,0,2
32,Generate C++ documentation with Doxygen and integrate into Sphinx docs,Copilot,2026-05-07T11:44:21Z,5,5,3,5
43,"plot_onnx_time: add color legend, sort bars by index, add grid",Copilot,2026-05-07T11:37:23Z,2,0,0,2
30,Import C++ unit tests from onnx-extended/ut_onnx2,Copilot,2026-05-07T11:33:23Z,4,3,1,4
40,docs: advertise >2 GB file support and parallel loading on main pages,Copilot,2026-05-07T11:30:03Z,2,0,0,2
34,Add external-data and parallel load benchmarks to plot_onnx_time example,Copilot,2026-05-07T11:27:32Z,2,0,0,2
41,rename,xadupre,2026-05-07T11:26:44Z,1,0,0,0
36,Fix per-bar colors in plot_onnx_time example,Copilot,2026-05-07T11:24:42Z,2,0,0,2
22,Expand `plot_onnx_time` to cover external-data saves and parallel-loaded save path,Copilot,2026-05-07T11:09:13Z,7,2,1,7
20,Improve README and docs index with concise getting started guidance,Copilot,2026-05-07T11:08:45Z,8,10,6,8
28,Fix parallel loading performance regression for small models,Copilot,2026-05-07T11:02:24Z,3,0,0,3
24,Use larger default model size in `plot_onnx_time` while preserving CI runtime,Copilot,2026-05-07T11:01:06Z,4,4,2,4
17,Add `setup.py build_ext --inplace` support for local CMake extension builds,Copilot,2026-05-07T10:21:01Z,5,2,1,5
26,Use orange for onnx-light bars and blue for onnx bars in plot_onnx_time.py,Copilot,2026-05-07T10:20:45Z,2,0,0,2
18,CI: run C++ unit tests and include C++ coverage in Codecov upload,Copilot,2026-05-07T10:02:51Z,5,0,0,5
13,mypy,xadupre,2026-05-07T09:21:15Z,5,0,0,0
11,Include C++ extension coverage in core CI Codecov upload,Copilot,2026-05-07T09:13:30Z,4,0,0,4
4,Bootstrap project settings from yet-another-onnxruntime-extensions,Copilot,2026-05-06T13:57:19Z,8,12,6,8
